{
  "full_finetuning": {
    "train_stats": {
      "train_time": 71.02810025215149,
      "peak_memory_gb": 5.006998062133789,
      "best_val_accuracy": 0.914,
      "final_train_loss": 0.27445495266018183,
      "final_val_loss": 0.24971839599311352,
      "final_val_accuracy": 0.914,
      "total_epochs": 2,
      "train_losses": [
        0.45238890673251864,
        0.27445495266018183
      ],
      "val_losses": [
        0.2994269160553813,
        0.24971839599311352
      ],
      "val_accuracies": [
        0.909,
        0.914
      ]
    },
    "test_metrics": {
      "loss": 0.2571220744808181,
      "accuracy": 0.9142105263157895,
      "f1": 0.9140971407486975,
      "precision": 0.9145134121020781,
      "recall": 0.9142105263157895
    },
    "trainable_params": 109485316,
    "total_params": 109485316
  },
  "lora": {
    "train_stats": {
      "train_time": 309.6992793083191,
      "peak_memory_gb": 3.664309501647949,
      "best_val_accuracy": 0.804,
      "final_train_loss": 0.6236732251255225,
      "final_val_loss": 0.5762945599853992,
      "final_val_accuracy": 0.804,
      "total_epochs": 10,
      "train_losses": [
        1.397640861517994,
        1.3795162988892684,
        1.3052606295186577,
        1.0986334698420044,
        0.927831195347698,
        0.8076768842994744,
        0.7239160964674983,
        0.6684456421128402,
        0.6398048794015925,
        0.6236732251255225
      ],
      "val_losses": [
        1.387049674987793,
        1.3539972305297852,
        1.1725959330797195,
        0.9523331373929977,
        0.8036531805992126,
        0.7060154005885124,
        0.6415429823100567,
        0.6022751145064831,
        0.5828312449157238,
        0.5762945599853992
      ],
      "val_accuracies": [
        0.28,
        0.379,
        0.538,
        0.607,
        0.683,
        0.742,
        0.767,
        0.789,
        0.803,
        0.804
      ]
    },
    "test_metrics": {
      "loss": 0.6077730876057088,
      "accuracy": 0.7910526315789473,
      "f1": 0.7861399392074114,
      "precision": 0.8057380874315672,
      "recall": 0.7910526315789473
    },
    "trainable_params": 445444,
    "total_params": 109930760
  },
  "bitfit": {
    "train_stats": {
      "train_time": 236.6056056022644,
      "peak_memory_gb": 3.0700488090515137,
      "best_val_accuracy": 0.405,
      "final_train_loss": 1.3304447907928034,
      "final_val_loss": 1.3134308829903603,
      "final_val_accuracy": 0.405,
      "total_epochs": 9,
      "train_losses": [
        1.4109586240551997,
        1.3997014794789306,
        1.3814665882299977,
        1.3716673504376242,
        1.3602492310476642,
        1.3507478862789506,
        1.3440748935050153,
        1.3359028379967872,
        1.3304447907928034
      ],
      "val_losses": [
        1.4011749252676964,
        1.381539061665535,
        1.3655089363455772,
        1.350444220006466,
        1.3391427993774414,
        1.3283713310956955,
        1.321316048502922,
        1.3165311813354492,
        1.3134308829903603
      ],
      "val_accuracies": [
        0.292,
        0.322,
        0.353,
        0.375,
        0.39,
        0.389,
        0.396,
        0.403,
        0.405
      ]
    },
    "test_metrics": {
      "loss": 1.3203712701797485,
      "accuracy": 0.4130263157894737,
      "f1": 0.3166675921064182,
      "precision": 0.47609735360733224,
      "recall": 0.4130263157894737
    },
    "trainable_params": 102916,
    "total_params": 109485316
  },
  "prompt_tuning": {
    "train_stats": {
      "train_time": 294.35417103767395,
      "peak_memory_gb": 3.685520648956299,
      "best_val_accuracy": 0.534,
      "final_train_loss": 1.3131437800454755,
      "final_val_loss": 1.2847460731863976,
      "final_val_accuracy": 0.534,
      "total_epochs": 10,
      "train_losses": [
        1.4085027816447806,
        1.389020414217144,
        1.3699628030154722,
        1.356598473609762,
        1.3418081948097715,
        1.3354577358732833,
        1.327938453525516,
        1.3205655906217317,
        1.3171949454233156,
        1.3131437800454755
      ],
      "val_losses": [
        1.399846836924553,
        1.3742141723632812,
        1.3525411635637283,
        1.3341322913765907,
        1.318567469716072,
        1.3064390197396278,
        1.2969882935285568,
        1.2904314994812012,
        1.2862413376569748,
        1.2847460731863976
      ],
      "val_accuracies": [
        0.205,
        0.326,
        0.378,
        0.41,
        0.443,
        0.478,
        0.502,
        0.52,
        0.53,
        0.534
      ]
    },
    "test_metrics": {
      "loss": 1.2886148661124606,
      "accuracy": 0.5371052631578948,
      "f1": 0.53309167445181,
      "precision": 0.557704345779262,
      "recall": 0.5371052631578948
    },
    "trainable_params": 10756,
    "total_params": 109496072
  },
  "few_shot_lora": {
    "10": {
      "train_stats": {
        "train_time": 0.1473400592803955,
        "peak_memory_gb": 2.7184181213378906,
        "best_val_accuracy": 0.261,
        "total_epochs": 1
      },
      "test_metrics": {
        "loss": 1.4292288387522978,
        "accuracy": 0.2336842105263158,
        "f1": 0.12437037160072795,
        "precision": 0.2184193463641742,
        "recall": 0.2336842105263158
      },
      "num_samples": 40
    },
    "50": {
      "train_stats": {
        "train_time": 0.8059918880462646,
        "peak_memory_gb": 3.6628122329711914,
        "best_val_accuracy": 0.246,
        "total_epochs": 1
      },
      "test_metrics": {
        "loss": 1.3790235118705685,
        "accuracy": 0.27342105263157895,
        "f1": 0.2264815292741418,
        "precision": 0.3182499459996146,
        "recall": 0.27342105263157895
      },
      "num_samples": 200
    },
    "100": {
      "train_stats": {
        "train_time": 1.4139916896820068,
        "peak_memory_gb": 3.6644721031188965,
        "best_val_accuracy": 0.257,
        "total_epochs": 1
      },
      "test_metrics": {
        "loss": 1.401278242343614,
        "accuracy": 0.2603947368421053,
        "f1": 0.17174514290108317,
        "precision": 0.1297890353503195,
        "recall": 0.2603947368421053
      },
      "num_samples": 400
    }
  },
  "ablation_lora_rank": {
    "4": {
      "train_stats": {
        "train_time": 311.0611050128937,
        "peak_memory_gb": 3.658566951751709,
        "best_val_accuracy": 0.834,
        "total_epochs": 10
      },
      "test_metrics": {
        "loss": 0.587314310694943,
        "accuracy": 0.7992105263157895,
        "f1": 0.7947348137897355,
        "precision": 0.7995016459329377,
        "recall": 0.7992105263157895
      }
    },
    "8": {
      "train_stats": {
        "train_time": 284.74919724464417,
        "peak_memory_gb": 3.6644721031188965,
        "best_val_accuracy": 0.84,
        "total_epochs": 9
      },
      "test_metrics": {
        "loss": 0.5653367348077918,
        "accuracy": 0.8278947368421052,
        "f1": 0.8270127633928369,
        "precision": 0.829438678440781,
        "recall": 0.8278947368421052
      }
    },
    "16": {
      "train_stats": {
        "train_time": 316.4418499469757,
        "peak_memory_gb": 3.6762824058532715,
        "best_val_accuracy": 0.841,
        "total_epochs": 10
      },
      "test_metrics": {
        "loss": 0.5078210602788364,
        "accuracy": 0.8356578947368422,
        "f1": 0.8344113979365247,
        "precision": 0.8338010979419165,
        "recall": 0.8356578947368422
      }
    }
  },
  "ablation_learning_rate": {
    "1e-5": {
      "train_stats": {
        "train_time": 217.73939299583435,